{"combi": [70.0, 170.0, 208.0, 207.0, 281.0, 172.82, 212.54, 168.64, 40.0, 40.0, 150.0, 150.0, 2.0, 2.0, 80.0, 80.0, 150.0, 150.0, 2.0, 2.0, 72.0, 51.0, 29.0, 46.0, 10.0, 7.0, 54.0, 38.0, 46.0, 192.0, 14.0, 9.0, 10.0, 31.0, 35.0, 31.0, 51.0, 11.0, 3.0, 32.0, 54.0, 24.0, 8.0, 8.0, 22.0, 32.0, 209.0, 35.0, 8.0, 13.0, 33.0, 77.0, 85.0, 241.0, 9.0, 26.0], "sc_v6_test": [70, 170, 0, 353.078, 125.083, 184.834, 150.193, 186.812, 40, 40, 150, 150, 2, 2, 80, 80, 150, 150, 2, 2, 72, 51, 29, 46, 10, 7, 45.6888, 45.6888, 22.1839, 22.1839, 27.0063, 16.2448, 10, 31, 35, 31, 51, 11, 24.7961, 48.7639, 8, 104.732, 15.7991, 16.7793, 3, 100, 192, 192, 2, 4.8004, 3, 100, 8, 172.729, 46.8285, 2], "sc_v6": [70, 170, 0, 353.078, 125.083, 184.834, 150.193, 186.812, 40, 40, 150, 150, 2, 2, 80, 80, 150, 150, 2, 2, 72, 51, 29, 46, 10, 7, 45.6888, 45.6888, 22.1839, 22.1839, 27.0063, 16.2448, 10, 31, 35, 31, 51, 11, 24.7961, 48.7639, 8, 104.732, 15.7991, 16.7793, 3, 100, 192, 192, 2, 4.8004, 3, 100, 8, 172.729, 46.8285, 2], "strawberry": [70.0, 170.0, 0.0, 225.52537542342608, 150.0, 400.0, 201.61677713619622, 282.8578473594432, 40.0, 40.0, 150.0, 150.0, 2.0, 2.0, 80.0, 80.0, 150.0, 150.0, 2.0, 2.0, 72.0, 51.0, 29.0, 46.0, 10.0, 7.0, 13.882313176791072, 13.882313176791072, 8.0, 8.0, 51.880534473280576, 51.880534473280576, 10.0, 31.0, 35.0, 31.0, 51.0, 11.0, 9.412033611638453, 3.0, 242.0, 125.52417878398354, 29.35985396130326, 63.515286932991046, 66.44513326518614, 9.863330620755878, 156.21179179146026, 8.0, 11.65356608180955, 21.14592490830958, 24.72692548110295, 68.31312649038037, 185.04160862790573, 8.0, 2.0, 2.0], "mulberry": [70.0, 170.0, 0.0, 233.35814534444918, 148.78209953669258, 369.7931433083247, 178.14470353079136, 329.9219082797411, 40.0, 40.0, 150.0, 150.0, 2.0, 2.0, 80.0, 80.0, 150.0, 150.0, 2.0, 2.0, 72.0, 51.0, 29.0, 46.0, 10.0, 7.0, 14.788170318639292, 14.788170318639292, 8.000000000000131, 8.000000000000131, 51.90974663424143, 51.90974663424143, 10.0, 31.0, 35.0, 31.0, 51.0, 11.0, 19.209296049486078, 3.0000000000000475, 170.68321356461144, 65.11713002638149, 2.0000000000008495, 69.99999999999888, 3.000000000000448, 14.776559384979144, 110.00563735408988, 94.478603648936, 2.000000000000976, 2.000000000000045, 44.885263583378325, 69.58022028737476, 241.99999999999253, 8.000000000001215, 2.000000000002215, 2.0]}